/*
*****************************************************************************
*****************************************************************************
****************************** ATENÇÃO: *************************************
** UTILIZAR SOMENTE EM AMBIENTE DE TESTE/HOMOLOGACAO PARA GERAR DADOS PARA **
**         GERAÇÃO DOS EXTRATO NÃO RODAR EM AMBIENTE DE PRODUÇÃO.          **
*****************************************************************************
*****************************************************************************
*****************************************************************************
*/

-- DELETE FROM SEC_PRIVILEGE_PROFILE;
-- DELETE FROM SEC_PRIVILEGE;
-- DELETE FROM SEC_PROFILE;
-- DELETE FROM SEC_ORGANIZATIONAL_STRUCTURE;
-- DELETE FROM SEC_ORGANIZATION;

Insert into SEC_ORGANIZATION (ID,DESCRIPTION,CLASSIFICATION,ID_PARENT_ORGANIZATION,FOLDER,DOMAIN) values ('1','COAGRU COOPERATIVA AGROINDUSTRIAL UNIÃO','001',null,'0','COAGRU');

Insert into SEC_ORGANIZATIONAL_STRUCTURE (ID,CLASSIFICATION,DESCRIPTION,ID_PARENT_ORGANIZATION,ID_SYSTEM_INSTANCE,FOLDER,ACTIVE) values ('1','1','ADMINISTRACAO DB1',null,'1','0','1');
Insert into SEC_ORGANIZATIONAL_STRUCTURE (ID,CLASSIFICATION,DESCRIPTION,ID_PARENT_ORGANIZATION,ID_SYSTEM_INSTANCE,FOLDER,ACTIVE) values ('2','1','ESTRUTURA GERAL SEGURAN�A',null,'2','0','1');

Insert into SEC_PROFILE (ID,DESCRIPTION,ID_ORGANIZATION,ID_SYSTEM,TYPE) values ('1','ADMIN PORTAL COOPERADO','1','1','PRIVATE');
Insert into SEC_PROFILE (ID,DESCRIPTION,ID_ORGANIZATION,ID_SYSTEM,TYPE) values ('2','ADMIN CORESECURITY','1','2','PRIVATE');
Insert into SEC_PROFILE (ID,DESCRIPTION,ID_ORGANIZATION,ID_SYSTEM,TYPE) values ('3','FUNCIONARIO','1','1','PRIVATE');
Insert into SEC_PROFILE (ID,DESCRIPTION,ID_ORGANIZATION,ID_SYSTEM,TYPE) values ('4','COOPERANTE','1','1','PRIVATE');

Insert into SEC_PRIVILEGE (ID,CLASSIFICATION,DESCRIPTION,FOLDER,IDENTIFIER,ID_PARENT_PRIVILEGE,ID_SYSTEM) values ('44','001','ACESSO TOTAL','1','ACESSOTOTAL',null,'1');
Insert into SEC_PRIVILEGE (ID,CLASSIFICATION,DESCRIPTION,FOLDER,IDENTIFIER,ID_PARENT_PRIVILEGE,ID_SYSTEM) values ('64','001.002','SISTEMA','1','SISTEMA','44','1');
Insert into SEC_PRIVILEGE (ID,CLASSIFICATION,DESCRIPTION,FOLDER,IDENTIFIER,ID_PARENT_PRIVILEGE,ID_SYSTEM) values ('85','001.002.001','TELAS','1','SCREENS','64','1');
Insert into SEC_PRIVILEGE (ID,CLASSIFICATION,DESCRIPTION,FOLDER,IDENTIFIER,ID_PARENT_PRIVILEGE,ID_SYSTEM) values ('86','001.002.001.001','USUARIOTEMPLATEFORM','1','USUARIOTEMPLATEFORM','85','1');
Insert into SEC_PRIVILEGE (ID,CLASSIFICATION,DESCRIPTION,FOLDER,IDENTIFIER,ID_PARENT_PRIVILEGE,ID_SYSTEM) values ('45','001.001','SEGURANCA','1','SEGURANCA','44','1');
Insert into SEC_PRIVILEGE (ID,CLASSIFICATION,DESCRIPTION,FOLDER,IDENTIFIER,ID_PARENT_PRIVILEGE,ID_SYSTEM) values ('46','001.001.001','ACESSO AO SISTEMA','0','SYSTEM_ACCESS','45','1');
Insert into SEC_PRIVILEGE (ID,CLASSIFICATION,DESCRIPTION,FOLDER,IDENTIFIER,ID_PARENT_PRIVILEGE,ID_SYSTEM) values ('89','001.002.001.001.003','EDITAR','0','USUARIOTEMPLATEFORM.EDIT','86','1');
Insert into SEC_PRIVILEGE (ID,CLASSIFICATION,DESCRIPTION,FOLDER,IDENTIFIER,ID_PARENT_PRIVILEGE,ID_SYSTEM) values ('90','001.002.001.001.004','REMOVER','0','USUARIOTEMPLATEFORM.REMOVE','86','1');
Insert into SEC_PRIVILEGE (ID,CLASSIFICATION,DESCRIPTION,FOLDER,IDENTIFIER,ID_PARENT_PRIVILEGE,ID_SYSTEM) values ('110','001.002.001.005','ACTPOSICAOFINANCEIRA','0','ACTPOSICAOFINANCEIRA','85','1');
Insert into SEC_PRIVILEGE (ID,CLASSIFICATION,DESCRIPTION,FOLDER,IDENTIFIER,ID_PARENT_PRIVILEGE,ID_SYSTEM) values ('124','001.002.001.006','ACTACESSOCOOPERADO','0','ACTACESSOCOOPERADO','85','1');
Insert into SEC_PRIVILEGE (ID,CLASSIFICATION,DESCRIPTION,FOLDER,IDENTIFIER,ID_PARENT_PRIVILEGE,ID_SYSTEM) values ('144','001.002.002','CREATE_FILTER','0','CREATE_FILTER','64','1');
Insert into SEC_PRIVILEGE (ID,CLASSIFICATION,DESCRIPTION,FOLDER,IDENTIFIER,ID_PARENT_PRIVILEGE,ID_SYSTEM) values ('87','001.002.001.001.001','ACESSO','0','USUARIOTEMPLATEFORM','86','1');
Insert into SEC_PRIVILEGE (ID,CLASSIFICATION,DESCRIPTION,FOLDER,IDENTIFIER,ID_PARENT_PRIVILEGE,ID_SYSTEM) values ('88','001.002.001.001.002','INSERIR','0','USUARIOTEMPLATEFORM.INSERT','86','1');
Insert into SEC_PRIVILEGE (ID,CLASSIFICATION,DESCRIPTION,FOLDER,IDENTIFIER,ID_PARENT_PRIVILEGE,ID_SYSTEM) values ('104','001.002.001.002','HOMETEMPLATEFORM','1','HOMETEMPLATEFORM','85','1');
Insert into SEC_PRIVILEGE (ID,CLASSIFICATION,DESCRIPTION,FOLDER,IDENTIFIER,ID_PARENT_PRIVILEGE,ID_SYSTEM) values ('105','001.002.001.002.001','ACESSO','0','HOMETEMPLATEFORM','104','1');
Insert into SEC_PRIVILEGE (ID,CLASSIFICATION,DESCRIPTION,FOLDER,IDENTIFIER,ID_PARENT_PRIVILEGE,ID_SYSTEM) values ('106','001.002.001.003','ALTERASENHATEMPLATEFORM','1','ALTERASENHATEMPLATEFORM','85','1');
Insert into SEC_PRIVILEGE (ID,CLASSIFICATION,DESCRIPTION,FOLDER,IDENTIFIER,ID_PARENT_PRIVILEGE,ID_SYSTEM) values ('107','001.002.001.003.001','ACESSO','0','ALTERASENHATEMPLATEFORM','106','1');
Insert into SEC_PRIVILEGE (ID,CLASSIFICATION,DESCRIPTION,FOLDER,IDENTIFIER,ID_PARENT_PRIVILEGE,ID_SYSTEM) values ('108','001.002.001.004','ACTENTREGAPRODUCAO','0','ACTENTREGAPRODUCAO','85','1');
Insert into SEC_PRIVILEGE (ID,CLASSIFICATION,DESCRIPTION,FOLDER,IDENTIFIER,ID_PARENT_PRIVILEGE,ID_SYSTEM) values ('125','001.002.001.007','ACTUSUARIOLOG','0','ACTUSUARIOLOG','85','1');
Insert into SEC_PRIVILEGE (ID,CLASSIFICATION,DESCRIPTION,FOLDER,IDENTIFIER,ID_PARENT_PRIVILEGE,ID_SYSTEM) values ('9','1','ACESSO TOTAL','1','ACESSOTOTAL',null,'2');
Insert into SEC_PRIVILEGE (ID,CLASSIFICATION,DESCRIPTION,FOLDER,IDENTIFIER,ID_PARENT_PRIVILEGE,ID_SYSTEM) values ('10','1.1','SEGURANCA','1','SEGURANCA','9','2');
Insert into SEC_PRIVILEGE (ID,CLASSIFICATION,DESCRIPTION,FOLDER,IDENTIFIER,ID_PARENT_PRIVILEGE,ID_SYSTEM) values ('11','1.1.1','ACESSO AO SISTEMA','0','SYSTEM_ACCESS','10','2');
Insert into SEC_PRIVILEGE (ID,CLASSIFICATION,DESCRIPTION,FOLDER,IDENTIFIER,ID_PARENT_PRIVILEGE,ID_SYSTEM) values ('41','1.1.2','ADMINISTRADOR DE ORGANIZAÇÕES','0','ORGANIZATIONS_ADMIN','10','2');
Insert into SEC_PRIVILEGE (ID,CLASSIFICATION,DESCRIPTION,FOLDER,IDENTIFIER,ID_PARENT_PRIVILEGE,ID_SYSTEM) values ('84','001.003','ADMINISTRADOR DO SEGURANCA','0','SECURITYADMIN','44','1');
Insert into SEC_PRIVILEGE (ID,CLASSIFICATION,DESCRIPTION,FOLDER,IDENTIFIER,ID_PARENT_PRIVILEGE,ID_SYSTEM) values ('42','1.1.3','TELAS','1','TELAS','10','2');
Insert into SEC_PRIVILEGE (ID,CLASSIFICATION,DESCRIPTION,FOLDER,IDENTIFIER,ID_PARENT_PRIVILEGE,ID_SYSTEM) values ('43','1.1.3.1','CONCESSÃO','0','GRANTTEMPLATEFORM','42','2');
Insert into SEC_PRIVILEGE (ID,CLASSIFICATION,DESCRIPTION,FOLDER,IDENTIFIER,ID_PARENT_PRIVILEGE,ID_SYSTEM) values ('164','001.002.001.008','ACTACESSOUSUARIOLOG','0','ACTACESSOUSUARIOLOG','85','1');
Insert into SEC_PRIVILEGE (ID,CLASSIFICATION,DESCRIPTION,FOLDER,IDENTIFIER,ID_PARENT_PRIVILEGE,ID_SYSTEM) values ('3','001.002.001.011','ACTRECOMENDACAOTECNICA','0','ACTRECOMENDACAOTECNICA','85','1');
Insert into SEC_PRIVILEGE (ID,CLASSIFICATION,DESCRIPTION,FOLDER,IDENTIFIER,ID_PARENT_PRIVILEGE,ID_SYSTEM) values ('2','001.002.001.010','ACTNOTICIAS','0','ACTNOTICIAS','85','1');
Insert into SEC_PRIVILEGE (ID,CLASSIFICATION,DESCRIPTION,FOLDER,IDENTIFIER,ID_PARENT_PRIVILEGE,ID_SYSTEM) values ('1','001.002.001.009','ACTEVENTOS','0','ACTEVENTOS','85','1');


Insert into SEC_PRIVILEGE_PROFILE (ID_PROFILE,ID_PRIVILEGE) values ('1','44');
Insert into SEC_PRIVILEGE_PROFILE (ID_PROFILE,ID_PRIVILEGE) values ('1','45');
Insert into SEC_PRIVILEGE_PROFILE (ID_PROFILE,ID_PRIVILEGE) values ('1','46');
Insert into SEC_PRIVILEGE_PROFILE (ID_PROFILE,ID_PRIVILEGE) values ('1','64');
Insert into SEC_PRIVILEGE_PROFILE (ID_PROFILE,ID_PRIVILEGE) values ('1','84');
Insert into SEC_PRIVILEGE_PROFILE (ID_PROFILE,ID_PRIVILEGE) values ('1','85');
Insert into SEC_PRIVILEGE_PROFILE (ID_PROFILE,ID_PRIVILEGE) values ('1','86');
Insert into SEC_PRIVILEGE_PROFILE (ID_PROFILE,ID_PRIVILEGE) values ('1','88');
Insert into SEC_PRIVILEGE_PROFILE (ID_PROFILE,ID_PRIVILEGE) values ('1','89');
Insert into SEC_PRIVILEGE_PROFILE (ID_PROFILE,ID_PRIVILEGE) values ('1','90');
Insert into SEC_PRIVILEGE_PROFILE (ID_PROFILE,ID_PRIVILEGE) values ('1','104');
Insert into SEC_PRIVILEGE_PROFILE (ID_PROFILE,ID_PRIVILEGE) values ('1','107');
Insert into SEC_PRIVILEGE_PROFILE (ID_PROFILE,ID_PRIVILEGE) values ('1','108');
Insert into SEC_PRIVILEGE_PROFILE (ID_PROFILE,ID_PRIVILEGE) values ('1','110');
Insert into SEC_PRIVILEGE_PROFILE (ID_PROFILE,ID_PRIVILEGE) values ('1','124');
Insert into SEC_PRIVILEGE_PROFILE (ID_PROFILE,ID_PRIVILEGE) values ('1','125');
Insert into SEC_PRIVILEGE_PROFILE (ID_PROFILE,ID_PRIVILEGE) values ('1','144');
Insert into SEC_PRIVILEGE_PROFILE (ID_PROFILE,ID_PRIVILEGE) values ('2','9');
Insert into SEC_PRIVILEGE_PROFILE (ID_PROFILE,ID_PRIVILEGE) values ('3','46');
Insert into SEC_PRIVILEGE_PROFILE (ID_PROFILE,ID_PRIVILEGE) values ('3','86');
Insert into SEC_PRIVILEGE_PROFILE (ID_PROFILE,ID_PRIVILEGE) values ('3','88');
Insert into SEC_PRIVILEGE_PROFILE (ID_PROFILE,ID_PRIVILEGE) values ('3','89');
Insert into SEC_PRIVILEGE_PROFILE (ID_PROFILE,ID_PRIVILEGE) values ('3','90');
Insert into SEC_PRIVILEGE_PROFILE (ID_PROFILE,ID_PRIVILEGE) values ('3','104');
Insert into SEC_PRIVILEGE_PROFILE (ID_PROFILE,ID_PRIVILEGE) values ('3','107');
Insert into SEC_PRIVILEGE_PROFILE (ID_PROFILE,ID_PRIVILEGE) values ('3','144');
Insert into SEC_PRIVILEGE_PROFILE (ID_PROFILE,ID_PRIVILEGE) values ('4','46');
Insert into SEC_PRIVILEGE_PROFILE (ID_PROFILE,ID_PRIVILEGE) values ('4','104');
Insert into SEC_PRIVILEGE_PROFILE (ID_PROFILE,ID_PRIVILEGE) values ('4','107');
Insert into SEC_PRIVILEGE_PROFILE (ID_PROFILE,ID_PRIVILEGE) values ('4','108');
Insert into SEC_PRIVILEGE_PROFILE (ID_PROFILE,ID_PRIVILEGE) values ('4','110');
Insert into SEC_PRIVILEGE_PROFILE (ID_PROFILE,ID_PRIVILEGE) values ('1','1');
Insert into SEC_PRIVILEGE_PROFILE (ID_PROFILE,ID_PRIVILEGE) values ('1','2');
Insert into SEC_PRIVILEGE_PROFILE (ID_PROFILE,ID_PRIVILEGE) values ('1','3');
Insert into SEC_PRIVILEGE_PROFILE (ID_PROFILE,ID_PRIVILEGE) values ('4','3');
Insert into SEC_PRIVILEGE_PROFILE (ID_PROFILE,ID_PRIVILEGE) values ('4','2');
Insert into SEC_PRIVILEGE_PROFILE (ID_PROFILE,ID_PRIVILEGE) values ('4','1');
